Date,Close
1/4/10,8.68
1/5/10,8.76
1/6/10,9.01
1/7/10,9.37
1/8/10,9.37
1/9/10,9.44
1/10/10,9.92
1/11/10,10.28
1/12/10,11.31
1/13/10,11.33
1/14/10,11.42
1/15/10,11.16
1/16/10,11.03
1/17/10,11.07
1/18/10,11.22
1/19/10,11
1/20/10,11.17
1/21/10,11.12
1/22/10,11.3
1/23/10,11.36
1/24/10,11.12
1/25/10,11.08
1/26/10,10.7
1/27/10,10.62
1/28/10,10.65
1/29/10,11.14
1/30/10,11.16
1/31/10,11.47
2/1/10,11.53
2/2/10,11.83
2/3/10,12.29
2/4/10,12.25
2/5/10,12.28
2/6/10,12.32
2/7/10,12.14
2/8/10,12.43
2/9/10,12.43
2/10/10,12.49
2/11/10,12.74
2/12/10,13.39
2/13/10,14.06
2/14/10,13.7
2/15/10,13.89
2/16/10,13.79
2/17/10,14.19
2/18/10,13.57
2/19/10,13.74
2/20/10,13.9
2/21/10,13.77
2/22/10,14.08
2/23/10,14.19
2/24/10,13.56
2/25/10,13.35
2/26/10,13.92
2/27/10,13.9
2/28/10,13.83
3/1/10,13.97
3/2/10,13.79
3/3/10,13.78
3/4/10,13.86
3/5/10,13.64
3/6/10,13.78
3/7/10,14
3/8/10,13.94
3/9/10,14.01
3/10/10,14.71
3/11/10,14.46
3/12/10,14.42
3/13/10,15.16
3/14/10,15.35
3/15/10,15.08
3/16/10,14.82
3/17/10,14.86
3/18/10,15.37
3/19/10,15.52
3/20/10,15.18
3/21/10,15.19
3/22/10,16.16
3/23/10,15.7
3/24/10,15.35
3/25/10,15.78
3/26/10,15.41
3/27/10,16.06
3/28/10,14.02
3/29/10,14.28
3/30/10,13.36
3/31/10,12.57
4/1/10,13.46
4/2/10,13.89
4/3/10,14.22
4/4/10,13.93
4/5/10,13.55
4/6/10,13.71
4/7/10,13.6
4/8/10,13.28
4/9/10,12.75
4/10/10,12.98
4/11/10,12.96
4/12/10,12.97
4/13/10,13.02
4/14/10,13.35
4/15/10,13
4/16/10,12.78
4/17/10,13.07
4/18/10,13.29
4/19/10,12.69
4/20/10,12.08
4/21/10,12.11
4/22/10,12.26
4/23/10,12.54
4/24/10,12.67
4/25/10,12.78
4/26/10,13
4/27/10,12.96
4/28/10,12.81
4/29/10,12.85
4/30/10,12.36
5/1/10,12.16
5/2/10,12.02
5/3/10,11.69
5/4/10,11.79
5/5/10,11.51
5/6/10,10.99
5/7/10,11.3
5/8/10,11.31
5/9/10,11.5
5/10/10,11.16
5/11/10,11.37
5/12/10,11.87
5/13/10,12.21
5/14/10,12.07
5/15/10,12.58
5/16/10,12.74
5/17/10,12.77
5/18/10,12.16
5/19/10,12.08
5/20/10,12.32
5/21/10,12.03
5/22/10,12.87
5/23/10,13.2
5/24/10,13.59
5/25/10,13.21
5/26/10,13.13
5/27/10,12.94
5/28/10,12.79
5/29/10,12.67
5/30/10,12.48
5/31/10,12.82
6/1/10,12.83
6/2/10,13
6/3/10,13.44
6/4/10,13.26
6/5/10,12.88
6/6/10,13.02
6/7/10,13.17
6/8/10,13.27
6/9/10,13.3
6/10/10,13.3
6/11/10,13.11
6/12/10,13.08
6/13/10,13.15
6/14/10,12.87
6/15/10,12.93
6/16/10,12.6
6/17/10,12.86
6/18/10,12.79
6/19/10,12.82
6/20/10,13.18
6/21/10,13.54
6/22/10,13.83
6/23/10,13.39
6/24/10,13.8
6/25/10,14.07
6/26/10,13.86
6/27/10,13.98
6/28/10,14.01
6/29/10,14.02
6/30/10,13.95
7/1/10,13.97
7/2/10,14.13
7/3/10,13.9
7/4/10,13.52
7/5/10,13.2
7/6/10,13.35
7/7/10,13.19
7/8/10,13.25
7/9/10,13.24
7/10/10,13.22
7/11/10,13.15
7/12/10,13.09
7/13/10,13.25
7/14/10,13.23
7/15/10,13.94
7/16/10,14.18
7/17/10,14.51
7/18/10,14.48
7/19/10,14.55
7/20/10,14.56
7/21/10,14.62
7/22/10,14.63
7/23/10,15.55
7/24/10,15.59
7/25/10,15.05
7/26/10,15.28
7/27/10,15.3
7/28/10,15.36
7/29/10,14.88
7/30/10,14.88
7/31/10,14.84
8/1/10,14.88
8/2/10,15.12
8/3/10,15.09
8/4/10,15.06
8/5/10,15.15
8/6/10,15.47
8/7/10,15.55
8/8/10,15.04
8/9/10,15.03
8/10/10,14.65
8/11/10,14.56
8/12/10,13.98
8/13/10,14.2
8/14/10,14.41
8/15/10,14.39
8/16/10,14.73
8/17/10,14.61
8/18/10,14.9
8/19/10,14.78
8/20/10,14.81
8/21/10,14.77
8/22/10,14.8
8/23/10,14.87
8/24/10,14.85
8/25/10,14.84
8/26/10,15.19
8/27/10,15.55
8/28/10,15.47
8/29/10,15.4
8/30/10,15.14
8/31/10,15.17
9/1/10,15.66
9/2/10,15.59
9/3/10,15.85
9/4/10,16.02
9/5/10,16.09
9/6/10,15.99
9/7/10,16
9/8/10,15.98
9/9/10,15.91
9/10/10,15.92
9/11/10,16
9/12/10,15.95
9/13/10,16.29
9/14/10,16.17
9/15/10,16.68
9/16/10,16.6
9/17/10,16.63
9/18/10,16.67
9/19/10,16.43
9/20/10,16.9
9/21/10,17.01
9/22/10,17.16
9/23/10,16.93
9/24/10,16.46
9/25/10,16.64
9/26/10,16.67
9/27/10,16.55
9/28/10,16.82
9/29/10,16.64
9/30/10,16.99
10/1/10,16.37
10/2/10,16.4
10/3/10,16.88
10/4/10,16.78
10/5/10,16.45
10/6/10,16.52
10/7/10,16.39
10/8/10,16.54
10/9/10,16.64
10/10/10,16.57
10/11/10,17.05
10/12/10,17.1
10/13/10,16.93
10/14/10,17.4
10/15/10,17.34
10/16/10,17.14
10/17/10,17.01
10/18/10,16.49
10/19/10,16.44
10/20/10,16.79
10/21/10,16.87
10/22/10,16.4
10/23/10,16.94
10/24/10,17.1
10/25/10,17.32
10/26/10,17.07
10/27/10,17.36
10/28/10,17.6
10/29/10,17.5
10/30/10,17.86
10/31/10,17.53
11/1/10,17.71
11/2/10,17.58
11/3/10,17.67
11/4/10,17.72
11/5/10,18
11/6/10,17.85
11/7/10,17.95
11/8/10,17.92
11/9/10,18.19
11/10/10,18.05
11/11/10,18.05
11/12/10,17.88
11/13/10,18.43
11/14/10,18.47
11/15/10,18.44
11/16/10,18.6
11/17/10,18.36
11/18/10,18.11
11/19/10,18.05
11/20/10,17.88
11/21/10,17.87
11/22/10,18.03
11/23/10,18.14
11/24/10,18.06
11/25/10,18.15
11/26/10,18.16
11/27/10,18.38
11/28/10,18.3
11/29/10,18.25
11/30/10,18.59
12/1/10,18.57
12/2/10,18.75
12/3/10,18.57
12/4/10,18.56
12/5/10,18.95
12/6/10,19.2
12/7/10,21.3
12/8/10,21.94
12/9/10,21.94
12/10/10,22.8
12/11/10,22.77
12/12/10,23.05
12/13/10,23.53
12/14/10,23.36
12/15/10,23.63
12/16/10,24.33
12/17/10,24.49
12/18/10,24.52
12/19/10,24.44
12/20/10,24.4
12/21/10,24.67
12/22/10,24.69
12/23/10,24.58
12/24/10,24.92
12/25/10,24.61
12/26/10,24.19
12/27/10,24.24
12/28/10,23.6
12/29/10,23.86
12/30/10,23.32
12/31/10,23.51
1/1/11,23.12
1/2/11,23.21
1/3/11,23.99
1/4/11,23.67
1/5/11,23.81
1/6/11,23.8
1/7/11,24.07
1/8/11,24.62
1/9/11,24.42
1/10/11,24.84
1/11/11,24.79
1/12/11,25.22
1/13/11,25.81
1/14/11,25.29
1/15/11,25.24
1/16/11,25.78
1/17/11,25.87
1/18/11,25.82
1/19/11,25.94
1/20/11,26.13
1/21/11,25.92
1/22/11,25.63
1/23/11,25.96
1/24/11,25.69
1/25/11,25.47
1/26/11,25.43
1/27/11,26
1/28/11,25.78
1/29/11,25.92
1/30/11,25.82
1/31/11,26.07
2/1/11,27.2
2/2/11,27.09
2/3/11,26.54
2/4/11,26.87
2/5/11,26.92
2/6/11,25.77
2/7/11,26.8
2/8/11,25.49
2/9/11,25.37
2/10/11,23.17
2/11/11,25.05
2/12/11,25.2
2/13/11,25.54
2/14/11,25.88
2/15/11,25.88
2/16/11,25.84
2/17/11,26.01
2/18/11,25.27
2/19/11,25.02
2/20/11,25.67
2/21/11,26.4
2/22/11,27
2/23/11,25.92
2/24/11,26.98
2/25/11,27.52
2/26/11,28.05
2/27/11,27.73
2/28/11,27.38
3/1/11,26.86
3/2/11,27.36
3/3/11,27.24
3/4/11,27.91
3/5/11,26.87
3/6/11,26.39
3/7/11,26.94
3/8/11,27.3
3/9/11,27.42
3/10/11,28.28
3/11/11,28.87
3/12/11,28.33
3/13/11,28.45
3/14/11,27.49
3/15/11,28.16
3/16/11,28.61
3/17/11,28.8
3/18/11,27.17
3/19/11,27.04
3/20/11,27.25
3/21/11,26
3/22/11,26.73
3/23/11,26.82
3/24/11,27.5
3/25/11,26.63
3/26/11,27.81
3/27/11,27.83
3/28/11,27.76
3/29/11,27.94
3/30/11,28.32
3/31/11,27.86
4/1/11,29.85
4/2/11,31.02
4/3/11,30.54
4/4/11,32.25
4/5/11,32.54
4/6/11,31.9
4/7/11,31.4
4/8/11,32.25
4/9/11,32.15
4/10/11,32.03
4/11/11,31.56
4/12/11,31.74
4/13/11,31.59
4/14/11,32.01
4/15/11,32.63
4/16/11,32.57
4/17/11,31.89
4/18/11,31.98
4/19/11,32.37
4/20/11,32.6
4/21/11,33.32
4/22/11,32.21
4/23/11,32.32
4/24/11,32.5
4/25/11,31.42
4/26/11,31.53
4/27/11,30.75
4/28/11,30.51
4/29/11,31.21
4/30/11,31.74
5/1/11,32.94
5/2/11,33.44
5/3/11,33.56
5/4/11,33.32
5/5/11,33.23
5/6/11,33.46
5/7/11,34.25
5/8/11,34.7
5/9/11,34.91
5/10/11,34.9
5/11/11,33.11
5/12/11,33.42
5/13/11,33.3
5/14/11,32.57
5/15/11,33.48
5/16/11,33.6
5/17/11,33.36
5/18/11,33.87
5/19/11,34.09
5/20/11,34.17
5/21/11,34.38
5/22/11,33.95
5/23/11,33.15
5/24/11,33.82
5/25/11,33.37
5/26/11,33.3
5/27/11,33.57
5/28/11,34.02
5/29/11,34.37
5/30/11,34.08
5/31/11,33.76
6/1/11,32.26
6/2/11,32.77
6/3/11,32.4
6/4/11,32
6/5/11,31.25
6/6/11,31.89
6/7/11,32.44
6/8/11,32.2
6/9/11,32.31
6/10/11,32.64
6/11/11,32.65
6/12/11,32.88
6/13/11,32.93
6/14/11,33.87
6/15/11,33.28
6/16/11,33.25
6/17/11,33.23
6/18/11,33.2
6/19/11,32.46
6/20/11,32.51
6/21/11,32.73
6/22/11,32.63
6/23/11,33.07
6/24/11,32.97
6/25/11,33.52
6/26/11,33.21
6/27/11,33.48
6/28/11,33.2
6/29/11,33.54
6/30/11,38.82
7/1/11,38.46
7/2/11,38.4
7/3/11,37.85
7/4/11,38.53
7/5/11,38.54
7/6/11,39.48
7/7/11,39.75
7/8/11,39.83
7/9/11,39.61
7/10/11,40.11
7/11/11,39.6
7/12/11,40.09
7/13/11,39.96
7/14/11,41.3
7/15/11,40.14
7/16/11,40.25
7/17/11,36.69
7/18/11,36.25
7/19/11,36.62
7/20/11,35.97
7/21/11,35.68
7/22/11,36.31
7/23/11,36.3
7/24/11,36.98
7/25/11,36.99
7/26/11,36.23
7/27/11,36.33
7/28/11,35.41
7/29/11,34.35
7/30/11,35.5
7/31/11,35.37
8/1/11,35.49
8/2/11,35.69
8/3/11,35.45
8/4/11,35.06
8/5/11,34.6
8/6/11,35.32
8/7/11,34.88
8/8/11,34.37
8/9/11,35.97
8/10/11,36.51
8/11/11,37.15
8/12/11,37.81
8/13/11,34.31
8/14/11,33.45
8/15/11,33.05
8/16/11,32.64
8/17/11,32.75
8/18/11,32.65
8/19/11,32.43
8/20/11,33.69
8/21/11,33.65
8/22/11,32.56
8/23/11,32.36
8/24/11,31.75
8/25/11,30.31
8/26/11,29.96
8/27/11,31.08
8/28/11,31.41
8/29/11,30.93
8/30/11,30.58
8/31/11,30.81
9/1/11,30.97
9/2/11,30.5
9/3/11,30.71
9/4/11,28.9
9/5/11,28.8
9/6/11,29.79
9/7/11,30.03
9/8/11,29.87
9/9/11,29.94
9/10/11,29.4
9/11/11,29.56
9/12/11,28.75
9/13/11,29.32
9/14/11,29.37
9/15/11,29.72
9/16/11,30.17
9/17/11,29.53
9/18/11,28.75
9/19/11,29.52
9/20/11,29.34
9/21/11,29.15
9/22/11,29.66
9/23/11,29.9
9/24/11,30.91
9/25/11,30.95
9/26/11,30.89
9/27/11,30.83
9/28/11,30.47
9/29/11,30.74
9/30/11,30.57
10/1/11,30.52
10/2/11,30.72
10/3/11,31.81
10/4/11,31.24
10/5/11,32.18
10/6/11,32.99
10/7/11,33.24
10/8/11,32.69
10/9/11,31.99
10/10/11,32.96
10/11/11,33.37
10/12/11,33.74
10/13/11,33.85
10/14/11,33.9
10/15/11,34.14
10/16/11,34.14
10/17/11,33.56
10/18/11,34.46
10/19/11,34.33
10/20/11,34.7
10/21/11,34.51
10/22/11,34.41
10/23/11,34.09
10/24/11,34.05
10/25/11,33.78
10/26/11,34.22
10/27/11,35.35
10/28/11,36.05
10/29/11,35.84
10/30/11,35.57
10/31/11,35.41
11/1/11,35.03
11/2/11,35.54
11/3/11,36.01
11/4/11,36.01
11/5/11,36.19
11/6/11,35.57
11/7/11,35.44
11/8/11,35.74
11/9/11,35.33
11/10/11,35.95
11/11/11,36.16
11/12/11,36.09
11/13/11,35.77
11/14/11,35.08
11/15/11,35.1
11/16/11,34.17
11/17/11,34.19
11/18/11,33.93
11/19/11,34.44
11/20/11,34.5
11/21/11,34.69
11/22/11,35.39
11/23/11,35.89
11/24/11,36.31
11/25/11,37.75
11/26/11,37.7
11/27/11,38.24
11/28/11,37.74
11/29/11,37.79
11/30/11,37.82
12/1/11,37.78
12/2/11,37.8
12/3/11,38.08
12/4/11,37.31
12/5/11,37.74
12/6/11,37.7
12/7/11,38.24
12/8/11,41.16
12/9/11,41.2
12/10/11,41.1
12/11/11,40.17
12/12/11,40.45
12/13/11,40.38
12/14/11,40.31
12/15/11,40.59
12/16/11,40.49
12/17/11,40.62
12/18/11,40.76
12/19/11,40.52
12/20/11,41.11
12/21/11,41.01
12/22/11,40.51
12/23/11,39.9
12/24/11,39.84
12/25/11,40.11
12/26/11,40.24
12/27/11,39.81
12/28/11,39.8
12/29/11,40
12/30/11,40.89
12/31/11,40.98
1/1/12,41.26
1/2/12,41.69
1/3/12,41.52
1/4/12,41.36
1/5/12,41.79
1/6/12,42
1/7/12,41.6
1/8/12,41.6
1/9/12,41.05
1/10/12,40.78
1/11/12,41.36
1/12/12,41.77
1/13/12,41.82
1/14/12,42.4
1/15/12,42.06
1/16/12,42.14
1/17/12,42.14
1/18/12,42.56
1/19/12,42.85
1/20/12,42.64
1/21/12,43.46
1/22/12,42.9
1/23/12,42.72
1/24/12,42.81
1/25/12,43.28
1/26/12,42.63
1/27/12,43.55
1/28/12,45.48
1/29/12,44.61
1/30/12,45.31
1/31/12,45.49
2/1/12,45.63
2/2/12,45.41
2/3/12,44.96
2/4/12,45.16
2/5/12,45.19
2/6/12,45.08
2/7/12,44.95
2/8/12,45.46
2/9/12,46.05
2/10/12,46.94
2/11/12,46.66
2/12/12,46.65
2/13/12,46.4
2/14/12,46.2
2/15/12,46.47
2/16/12,46.37
2/17/12,46.57
2/18/12,47.77
2/19/12,46.68
2/20/12,46.72
2/21/12,46.76
2/22/12,46.5
2/23/12,46.73
2/24/12,46.81
2/25/12,46.53
2/26/12,45.47
2/27/12,44.79
2/28/12,45.37
2/29/12,45.46
3/1/12,44.96
3/2/12,44.62
3/3/12,46.07
3/4/12,45.16
3/5/12,46
3/6/12,46.83
3/7/12,47.62
3/8/12,48.27
3/9/12,48.63
3/10/12,49.62
3/11/12,49.8
3/12/12,49.66
3/13/12,49.74
3/14/12,49.88
3/15/12,49.68
3/16/12,49.82
3/17/12,49.96
3/18/12,49.82
3/19/12,49.96
3/20/12,50.3
3/21/12,50.94
3/22/12,50.84
3/23/12,51.19
3/24/12,51.11
3/25/12,51.18
3/26/12,51.18
3/27/12,51.44
3/28/12,50.84
3/29/12,50.09
3/30/12,49.65
3/31/12,51.22
4/1/12,50.55
4/2/12,51.13
4/3/12,50.67
4/4/12,51.75
4/5/12,52.11
4/6/12,51.86
4/7/12,50.39
4/8/12,50.85
4/9/12,49.75
4/10/12,49.9
4/11/12,50.58
4/12/12,50.88
4/13/12,51.01
4/14/12,51.43
4/15/12,51.92
4/16/12,52.38
4/17/12,52.95
4/18/12,55.2
4/19/12,54.64
4/20/12,55.49
4/21/12,55.98
4/22/12,56.79
4/23/12,57.8
4/24/12,58.05
4/25/12,57.66
4/26/12,58.02
4/27/12,58.25
4/28/12,59
4/29/12,57.64
4/30/12,56.96
5/1/12,57.57
5/2/12,56.72
5/3/12,56.95
5/4/12,56.61
5/5/12,59.21
5/6/12,58.72
5/7/12,59.66
5/8/12,59.28
5/9/12,59.79
5/10/12,59.27
5/11/12,59.72
5/12/12,60.18
5/13/12,58.35
5/14/12,59.45
5/15/12,60.53
5/16/12,60.72
5/17/12,59.8
5/18/12,59.43
5/19/12,60.02
5/20/12,59.59
5/21/12,59.55
5/22/12,60.44
5/23/12,59.77
5/24/12,57.53
5/25/12,57.5
5/26/12,57.01
5/27/12,57.57
5/28/12,57.69
5/29/12,58.8
5/30/12,58.15
5/31/12,59.91
6/1/12,60.14
6/2/12,60.23
6/3/12,61.01
6/4/12,61.18
6/5/12,62.14
6/6/12,62.24
6/7/12,63
6/8/12,63.33
6/9/12,63.61
6/10/12,63.16
6/11/12,63.05
6/12/12,63.95
6/13/12,63.58
6/14/12,63.61
6/15/12,59.43
6/16/12,61.01
6/17/12,61.5
6/18/12,62.36
6/19/12,61.88
6/20/12,62.13
6/21/12,62.58
6/22/12,63.81
6/23/12,63.15
6/24/12,64
6/25/12,62.95
6/26/12,62.5
6/27/12,62.7
6/28/12,62.77
6/29/12,62.41
6/30/12,62.12
7/1/12,62.49
7/2/12,61.6
7/3/12,61.46
7/4/12,61.03
7/5/12,61.91
7/6/12,61.5
7/7/12,62.57
7/8/12,62.22
7/9/12,61.87
7/10/12,61.16
7/11/12,61.8
7/12/12,62.05
7/13/12,61.44
7/14/12,61.46
7/15/12,62.13
7/16/12,62.09
7/17/12,61.58
7/18/12,63.04
7/19/12,64.7
7/20/12,64.84
7/21/12,65.25
7/22/12,66.12
7/23/12,66.26
7/24/12,66.86
7/25/12,67.28
7/26/12,67.62
7/27/12,66.74
7/28/12,66.98
7/29/12,67.31
7/30/12,66.89
7/31/12,67.65
8/1/12,67.55
8/2/12,67.95
8/3/12,69.52
8/4/12,69.63
8/5/12,68.34
8/6/12,68.73
8/7/12,68.36
8/8/12,67.43
8/9/12,66.59
8/10/12,67.18
8/11/12,68.36
8/12/12,68.85
8/13/12,64.9
8/14/12,66.66
8/15/12,66.63
8/16/12,67.05
8/17/12,66.98
8/18/12,67.21
8/19/12,66.35
8/20/12,67.39
8/21/12,67.51
8/22/12,67.63
8/23/12,68.36
8/24/12,67.87
8/25/12,67.06
8/26/12,66.89
8/27/12,67.1
8/28/12,68.01
8/29/12,67.93
8/30/12,66.7
8/31/12,67.6
9/1/12,67.81
9/2/12,68.44
9/3/12,69.21
9/4/12,69.22
9/5/12,68.84
9/6/12,67.87
9/7/12,67.66
9/8/12,67.99
9/9/12,69.15
9/10/12,69.75
9/11/12,69.52
9/12/12,69.4
9/13/12,69.31
9/14/12,69.13
9/15/12,68.57
9/16/12,68.24
9/17/12,68.71
9/18/12,69.31
9/19/12,69.78
9/20/12,70.62
9/21/12,69.74
9/22/12,69.02
9/23/12,69.03
9/24/12,69.19
9/25/12,69.51
9/26/12,69.52
9/27/12,69.96
9/28/12,68.68
9/29/12,68.95
9/30/12,69.68
10/1/12,69.86
10/2/12,70.68
10/3/12,70.2
10/4/12,69.92
10/5/12,69.65
10/6/12,68.94
10/7/12,68.98
10/8/12,69.1
10/9/12,69.67
10/10/12,69.78
10/11/12,70.28
10/12/12,71.21
10/13/12,70.95
10/14/12,71
10/15/12,71.21
10/16/12,71.08
10/17/12,71.65
10/18/12,72.01
10/19/12,73.39
10/20/12,72.85
10/21/12,71.18
10/22/12,70.11
10/23/12,69.86
10/24/12,68.7
10/25/12,69.57
10/26/12,70.61
10/27/12,67.58
10/28/12,68.3
10/29/12,67.17
10/30/12,67.66
10/31/12,69.5
11/1/12,69.88
11/2/12,70.46
11/3/12,70.81
11/4/12,71.8
11/5/12,72.18
11/6/12,72.06
11/7/12,71.84
11/8/12,72.26
11/9/12,73.25
11/10/12,74.69
11/11/12,75.03
11/12/12,77.65
11/13/12,77.99
11/14/12,79.06
11/15/12,78.78
11/16/12,79.48
11/17/12,79.11
11/18/12,79.19
11/19/12,79.34
11/20/12,79.56
11/21/12,79.05
11/22/12,79.92
11/23/12,78.91
11/24/12,79.56
11/25/12,80.02
11/26/12,79.98
11/27/12,78.27
11/28/12,78.84
11/29/12,77.53
11/30/12,76.84
12/1/12,76.64
12/2/12,75.54
12/3/12,75.26
12/4/12,76.23
12/5/12,76.97
12/6/12,78.62
12/7/12,78.2
12/8/12,77.62
12/9/12,75.43
12/10/12,73.68
12/11/12,75.75
12/12/12,76.61
12/13/12,74.29
12/14/12,72.71
12/15/12,73.75
12/16/12,74.17
12/17/12,74.97
12/18/12,74.28
12/19/12,74.36
12/20/12,75.51
12/21/12,75.26
12/22/12,75.09
12/23/12,73.76
12/24/12,72.69
12/25/12,72.58
12/26/12,74.38
12/27/12,71.8
12/28/12,72.99
12/29/12,72.51
12/30/12,72.25
12/31/12,71.55
1/1/13,71.13
1/2/13,71.2
1/3/13,72.45
1/4/13,71.71
1/5/13,71.25
1/6/13,71.21
1/7/13,71.53
1/8/13,72.02
1/9/13,71.24
1/10/13,71.74
1/11/13,73.16
1/12/13,72.9
1/13/13,73.34
1/14/13,72.42
1/15/13,72.47
1/16/13,72.45
1/17/13,72.99
1/18/13,72.67
1/19/13,73.23
1/20/13,73.31
1/21/13,73.91
1/22/13,73.42
1/23/13,73.06
1/24/13,73.36
1/25/13,72.36
1/26/13,72.54
1/27/13,72.18
1/28/13,71
1/29/13,71.99
1/30/13,71.84
1/31/13,71.8
2/1/13,71.58
2/2/13,72.12
2/3/13,72.42
2/4/13,72.57
2/5/13,72.98
2/6/13,73.09
2/7/13,74.04
2/8/13,73.42
2/9/13,73.63
2/10/13,73.55
2/11/13,73.4
2/12/13,74.63
2/13/13,73.7
2/14/13,73.58
2/15/13,73.65
2/16/13,73.25
2/17/13,73.04
2/18/13,72.6
2/19/13,73.23
2/20/13,73.39
2/21/13,76.11
2/22/13,75.43
2/23/13,74.61
2/24/13,74.23
2/25/13,74.04
2/26/13,73.87
2/27/13,73.55
2/28/13,72
3/1/13,70.17
3/2/13,71.3
3/3/13,71.3
3/4/13,71.33
3/5/13,71.34
3/6/13,72.06
3/7/13,72.75
3/8/13,73.7
3/9/13,74.49
3/10/13,74.75
3/11/13,74.55
3/12/13,75.04
3/13/13,75.15
3/14/13,74.66
3/15/13,74.75
3/16/13,74.03
3/17/13,75.03
3/18/13,75.25
3/19/13,75.16
3/20/13,75.26
3/21/13,75.45
3/22/13,76
3/23/13,75.61
3/24/13,75.38
3/25/13,76.43
3/26/13,76.06
3/27/13,75.54
3/28/13,76.22
3/29/13,76.24
3/30/13,76.03
3/31/13,76.21
4/1/13,76.58
4/2/13,76.57
4/3/13,76.74
4/4/13,77
4/5/13,75.86
4/6/13,75.83
4/7/13,76.36
4/8/13,76.3
4/9/13,77.27
4/10/13,77.63
4/11/13,76.96
4/12/13,77.1
4/13/13,77.58
4/14/13,77.7
4/15/13,77.85
4/16/13,76.81
4/17/13,77.92
4/18/13,76.7
4/19/13,76.41
4/20/13,75.72
4/21/13,84.3
4/22/13,83.65
4/23/13,83.93
4/24/13,84.84
4/25/13,86
4/26/13,85.99
4/27/13,86.45
4/28/13,87.3
4/29/13,87.68
4/30/13,88.26
5/1/13,89
5/2/13,88.98
5/3/13,88.88
5/4/13,88.79
5/5/13,89.55
5/6/13,90.25
5/7/13,90.5
5/8/13,90.85
5/9/13,90.8
5/10/13,92.08
5/11/13,91.57
5/12/13,91.65
5/13/13,91.87
5/14/13,91.46
5/15/13,91.02
5/16/13,91.52
5/17/13,91.41
5/18/13,92.47
5/19/13,92.7
5/20/13,93.37
5/21/13,93.16
5/22/13,93.23
5/23/13,93.85
5/24/13,94.2
5/25/13,95.09
5/26/13,95.7
5/27/13,95.93
5/28/13,94.89
5/29/13,95.4
5/30/13,94.92
5/31/13,93.32
6/1/13,94.12
6/2/13,95.07
6/3/13,94
6/4/13,92.92
6/5/13,93.43
6/6/13,94.45
6/7/13,95.69
6/8/13,95.9
6/9/13,95.62
6/10/13,95.39
6/11/13,95.45
6/12/13,95.44
6/13/13,94.92
6/14/13,94.17
6/15/13,94.29
6/16/13,95.47
6/17/13,94.29
6/18/13,97.5
6/19/13,100.78
6/20/13,100.5
6/21/13,102.12
6/22/13,101.7
6/23/13,98.91
6/24/13,96.83
6/25/13,98.49
6/26/13,97.51
6/27/13,97.38
6/28/13,99.01
6/29/13,98.1
6/30/13,98.74
7/1/13,98.93
7/2/13,99.89
7/3/13,101.29
7/4/13,99.05
7/5/13,98.08
7/6/13,99.37
7/7/13,99.72
7/8/13,99.74
7/9/13,99.86
7/10/13,98.63
7/11/13,100.93
7/12/13,100.45
7/13/13,100.56
7/14/13,100
7/15/13,100.67
7/16/13,101.85
7/17/13,101.75
7/18/13,102.5
7/19/13,104.5
7/20/13,103.53
7/21/13,103.93
7/22/13,104
7/23/13,101.53
7/24/13,104.44
7/25/13,102.83
7/26/13,103.28
7/27/13,103.38
7/28/13,100.87
7/29/13,101.36
7/30/13,99.03
7/31/13,98.16
8/1/13,100.72
8/2/13,99.72
8/3/13,101.53
8/4/13,102.15
8/5/13,102.17
8/6/13,103.77
8/7/13,104.63
8/8/13,104.02
8/9/13,104.09
8/10/13,101.11
8/11/13,100.54
8/12/13,101.05
8/13/13,102.55
8/14/13,100.55
8/15/13,100.5
8/16/13,100.99
8/17/13,100.81
8/18/13,99.39
8/19/13,100.29
8/20/13,99.2
8/21/13,100.5
8/22/13,100.2
8/23/13,98.49
8/24/13,98.36
8/25/13,100.43
8/26/13,99.24
8/27/13,99.66
8/28/13,99.4
8/29/13,99.8
8/30/13,109.23
8/31/13,113.96
9/1/13,110.25
9/2/13,111.79
9/3/13,109.39
9/4/13,107.85
9/5/13,108.34
9/6/13,107.93
9/7/13,105.71
9/8/13,106.13
9/9/13,107.93
9/10/13,109.13
9/11/13,109.84
9/12/13,109.06
9/13/13,108.68
9/14/13,109.91
9/15/13,110.34
9/16/13,111.09
9/17/13,110.55
9/18/13,110.41
9/19/13,110.07
9/20/13,109.03
9/21/13,108.56
9/22/13,108.65
9/23/13,109.21
9/24/13,108.66
9/25/13,109.05
9/26/13,108.87
9/27/13,108.99
9/28/13,109.03
9/29/13,110
9/30/13,109.87
10/1/13,110.43
10/2/13,112.39
10/3/13,111.93
10/4/13,112.29
10/5/13,110.81
10/6/13,110.76
10/7/13,110.92
10/8/13,112.57
10/9/13,111.91
10/10/13,113.86
10/11/13,113.62
10/12/13,111.64
10/13/13,111.72
10/14/13,114.9
10/15/13,114
10/16/13,113.4
10/17/13,114.55
10/18/13,113.88
10/19/13,113.13
10/20/13,113.42
10/21/13,113.24
10/22/13,113.69
10/23/13,115.92
10/24/13,119.43
10/25/13,118.79
10/26/13,118.54
10/27/13,115.57
10/28/13,110.04
10/29/13,111.04
10/30/13,111.37
10/31/13,112.31
11/1/13,111.65
11/2/13,110.96
11/3/13,111.31
11/4/13,111.77
11/5/13,113.51
11/6/13,113.84
11/7/13,113.84
11/8/13,114.27
11/9/13,115.23
11/10/13,114.4
11/11/13,111.84
11/12/13,113.43
11/13/13,113.14
11/14/13,113.49
11/15/13,111.88
11/16/13,114.2
11/17/13,114.17
11/18/13,114.99
11/19/13,112.9
11/20/13,110.53
11/21/13,107.66
11/22/13,104.48
11/23/13,101.78
11/24/13,105.02
11/25/13,106.3
11/26/13,107.8
11/27/13,108.41
11/28/13,105.94
11/29/13,103.85
11/30/13,105.18
12/1/13,105.15
12/2/13,105.5
12/3/13,109
12/4/13,108.18
12/5/13,107.93
12/6/13,110.22
12/7/13,110.29
12/8/13,111.82
12/9/13,111.62
12/10/13,112.6
12/11/13,111.68
12/12/13,111.03
12/13/13,110.87
12/14/13,110.97
12/15/13,110.29
12/16/13,112.95
12/17/13,108.54
12/18/13,105.87
12/19/13,107.91
12/20/13,105.33
12/21/13,106.88
12/22/13,108.35
12/23/13,107.26
12/24/13,108.03
12/25/13,102.64
12/26/13,105.38
12/27/13,106.08
12/28/13,106.17
12/29/13,104.37
12/30/13,105.86
12/31/13,106.22
1/1/14,107.25
1/2/14,106.19
1/3/14,103.46
1/4/14,103.96
1/5/14,104.1
1/6/14,105.81
1/7/14,104.96
1/8/14,109.71
1/9/14,109.4
1/10/14,106.67
1/11/14,108.75
1/12/14,107.17
1/13/14,105.05
1/14/14,104.11
1/15/14,104.44
1/16/14,103.04
1/17/14,104.23
1/18/14,105.21
1/19/14,102.89
1/20/14,101.62
1/21/14,103.49
1/22/14,102.24
1/23/14,104.07
1/24/14,104.52
1/25/14,105.02
1/26/14,107.71
1/27/14,107.44
1/28/14,109.15
1/29/14,108.65
1/30/14,107.47
1/31/14,108.86
2/1/14,108.8
2/2/14,107.44
2/3/14,109.83
2/4/14,110.39
2/5/14,109.94
2/6/14,109.1
2/7/14,109.34
2/8/14,108.64
2/9/14,109.38
2/10/14,109.93
2/11/14,109.22
2/12/14,109.37
2/13/14,108.84
2/14/14,109.73
2/15/14,109.41
2/16/14,109.48
2/17/14,109.54
2/18/14,110.13
2/19/14,112
2/20/14,111.51
2/21/14,111.25
2/22/14,109.23
2/23/14,109.93
2/24/14,109.77
2/25/14,106.75
2/26/14,108.97
2/27/14,106.22
2/28/14,109.76
3/1/14,107.96
3/2/14,107.14
3/3/14,104.16
3/4/14,104.92
3/5/14,106.46
3/6/14,107.71
3/7/14,111.6
3/8/14,110.73
3/9/14,112.17
3/10/14,111.06
3/11/14,112.2
3/12/14,113.93
3/13/14,114.35
3/14/14,113.75
3/15/14,113.8
3/16/14,114
3/17/14,110.37
3/18/14,108.16
3/19/14,105.62
3/20/14,107
3/21/14,106.9
3/22/14,109.5
3/23/14,111.08
3/24/14,112.95
3/25/14,112.04
3/26/14,112.87
3/27/14,115.09
3/28/14,117.62
3/29/14,117.61
3/30/14,132.9
3/31/14,134.39
4/1/14,133.04
4/2/14,134.15
4/3/14,133.06
4/4/14,132.84
4/5/14,132.99
4/6/14,134.02
4/7/14,134.24
4/8/14,133.78
4/9/14,133.01
4/10/14,131.72
4/11/14,132.65
4/12/14,131.2
4/13/14,131.85
4/14/14,131.27
4/15/14,130.81
4/16/14,131.17
4/17/14,130.73
4/18/14,130.12
4/19/14,128.74
4/20/14,129.15
4/21/14,130.09
4/22/14,130.97
4/23/14,131.86
4/24/14,133.47
4/25/14,133.36
4/26/14,132.32
4/27/14,135.94
4/28/14,136.26
4/29/14,137.05
4/30/14,137.24
5/1/14,136.74
5/2/14,137.14
5/3/14,137.27
5/4/14,138.62
5/5/14,138.65
5/6/14,137.52
5/7/14,140.01
5/8/14,137.9
5/9/14,132.41
5/10/14,133.67
5/11/14,133.81
5/12/14,133.63
5/13/14,120.47
5/14/14,120.88
5/15/14,120.37
5/16/14,118.56
5/17/14,119.02
5/18/14,119.93
5/19/14,119.31
5/20/14,121.51
5/21/14,122.22
5/22/14,119.83
5/23/14,121.46
5/24/14,121.95
5/25/14,123.17
5/26/14,121.07
5/27/14,121.13
5/28/14,120.82
5/29/14,123.06
5/30/14,121.88
5/31/14,122.52
6/1/14,121.29
6/2/14,123
6/3/14,122.18
6/4/14,120.88
6/5/14,121.4
6/6/14,123.25
6/7/14,122.21
6/8/14,124.36
6/9/14,124.82
6/10/14,126.39
6/11/14,127.48
6/12/14,126.25
6/13/14,124.79
6/14/14,126.36
6/15/14,126.38
6/16/14,126.95
6/17/14,127.29
6/18/14,127.49
6/19/14,127.33
6/20/14,125.32
6/21/14,127.25
6/22/14,124.97
6/23/14,122.08
6/24/14,124.53
6/25/14,126.88
6/26/14,131.38
6/27/14,132.59
6/28/14,133.93
6/29/14,134.98
6/30/14,133.86
7/1/14,135.11
7/2/14,136
7/3/14,135.65
7/4/14,135.42
7/5/14,135.64
7/6/14,135.7
7/7/14,135.55
7/8/14,135.55
7/9/14,136.89
7/10/14,144.66
7/11/14,148.78
7/12/14,147.69
7/13/14,146.13
7/14/14,147.23
7/15/14,147.25
7/16/14,147.3
7/17/14,147.52
7/18/14,145.45
7/19/14,146.16
7/20/14,146.5
7/21/14,146.18
7/22/14,144.7
7/23/14,144.92
7/24/14,145
7/25/14,146.02
7/26/14,146.13
7/27/14,145.15
7/28/14,143.97
7/29/14,144.57
7/30/14,147.13
7/31/14,147.28
8/1/14,150.07
8/2/14,150.48
8/3/14,149.82
8/4/14,150.24
8/5/14,148.35
8/6/14,149.99
8/7/14,149.43
8/8/14,149.57
8/9/14,149.01
8/10/14,151
8/11/14,150.18
8/12/14,150.48
8/13/14,149.24
8/14/14,146.13
8/15/14,150.21
8/16/14,149.66
8/17/14,150.3
8/18/14,151.79
8/19/14,150.03
8/20/14,151.51
8/21/14,151.94
8/22/14,152.61
8/23/14,154.08
8/24/14,154.26
8/25/14,153.49
8/26/14,153.63
8/27/14,152.78
8/28/14,151.75
8/29/14,151.85
8/30/14,151.58
8/31/14,151.47
9/1/14,150.97
9/2/14,151.13
9/3/14,150.84
9/4/14,153.19
9/5/14,152.38
9/6/14,152.24
9/7/14,150.31
9/8/14,151.12
9/9/14,152.01
9/10/14,159.45
9/11/14,165.02
9/12/14,165.4
9/13/14,166.36
9/14/14,166.53
9/15/14,164.89
9/16/14,164.8
9/17/14,165.94
9/18/14,167.92
9/19/14,169.24
9/20/14,167.56
9/21/14,167.25
9/22/14,166.17
9/23/14,166.76
9/24/14,168.21
9/25/14,168.89
9/26/14,170.36
9/27/14,161.11
9/28/14,159.62
9/29/14,157.17
9/30/14,161.34
10/1/14,161.57
10/2/14,161.57
10/3/14,164.31
10/4/14,166.46
10/5/14,168.47
10/6/14,170.56
10/7/14,172.26
10/8/14,170.04
10/9/14,170.87
10/10/14,168.04
10/11/14,168.7
10/12/14,168
10/13/14,166.29
10/14/14,169.09
10/15/14,167.72
10/16/14,164.53
10/17/14,163.57
10/18/14,161.87
10/19/14,161.86
10/20/14,161.99
10/21/14,159.78
10/22/14,160.04
10/23/14,161.23
10/24/14,161.1
10/25/14,162.63
10/26/14,161.33
10/27/14,161.57
10/28/14,161.97
10/29/14,161.25
10/30/14,162.36
10/31/14,159.24
11/1/14,158.36
11/2/14,162.99
11/3/14,162.77
11/4/14,163.49
11/5/14,164.51
11/6/14,166.36
11/7/14,168.96
11/8/14,168.36
11/9/14,167.16
11/10/14,164.93
11/11/14,165.57
11/12/14,166.04
11/13/14,167.87
11/14/14,167.04
11/15/14,169.51
11/16/14,170.57
11/17/14,170.94
11/18/14,172.02
11/19/14,173.93
11/20/14,174.54
11/21/14,170.89
11/22/14,174.91
11/23/14,175.89
11/24/14,177.94
11/25/14,182.96
11/26/14,185.18
11/27/14,185.9
11/28/14,186.37
11/29/14,183.8
11/30/14,184.91
12/1/14,185.94
12/2/14,186.1
12/3/14,187.93
12/4/14,188.92
12/5/14,183
12/6/14,186.3
12/7/14,186.28
12/8/14,185.42
12/9/14,189.81
12/10/14,187.45
12/11/14,189.37
12/12/14,189.04
12/13/14,188.89
12/14/14,189.3
12/15/14,188.36
12/16/14,184.69
12/17/14,186.73
12/18/14,186.79
12/19/14,183.67
12/20/14,186.27
12/21/14,185.62
12/22/14,184.83
12/23/14,183.69
12/24/14,184.02
12/25/14,184.13
12/26/14,184.35
12/27/14,182.95
12/28/14,183.95
12/29/14,184.94
12/30/14,182.77
12/31/14,184.11
1/1/15,184.3
1/2/15,186.23
1/3/15,186.36
1/4/15,185.14
1/5/15,186
1/6/15,175.16
1/7/15,173.75
1/8/15,175.51
1/9/15,175.13
1/10/15,174.04
1/11/15,175.04
1/12/15,176.63
1/13/15,175.71
1/14/15,176.91
1/15/15,179.3
1/16/15,180.59
1/17/15,180.59
1/18/15,180.96
1/19/15,185.55
1/20/15,181.39
1/21/15,182.16
1/22/15,184.41
1/23/15,187.07
1/24/15,190.39
1/25/15,193.12
1/26/15,192.29
1/27/15,195.36
1/28/15,195.67
1/29/15,195.38
1/30/15,195.28
1/31/15,196.52
2/1/15,196.23
2/2/15,191.46
2/3/15,194.71
2/4/15,195.8
2/5/15,198.82
2/6/15,199.25
2/7/15,205.97
2/8/15,208.04
2/9/15,207.05
2/10/15,208.49
2/11/15,211.72
2/12/15,215.34
2/13/15,218.05
2/14/15,217.1
2/15/15,217.85
2/16/15,218.15
2/17/15,217.88
2/18/15,206.19
2/19/15,204.07
2/20/15,208.4
2/21/15,210.56
2/22/15,209.56
2/23/15,210.84
2/24/15,215.73
2/25/15,215.03
2/26/15,216.09
2/27/15,218.09
2/28/15,217.05
3/1/15,218.88
3/2/15,213.14
3/3/15,213.6
3/4/15,210.75
3/5/15,211.53
3/6/15,209.92
3/7/15,208.03
3/8/15,208.84
3/9/15,212.32
3/10/15,211.62
3/11/15,212.11
3/12/15,213.54
3/13/15,210.45
3/14/15,209.21
3/15/15,208.25
3/16/15,211.45
3/17/15,212.52
3/18/15,212.44
3/19/15,213.22
3/20/15,213.97
3/21/15,192.4
3/22/15,186.43
3/23/15,182.43
3/24/15,183.09
3/25/15,186.5
3/26/15,186.45
3/27/15,192.35
3/28/15,198.23
3/29/15,196.79
3/30/15,195.43
3/31/15,192.14
4/1/15,193.83
4/2/15,192.53
4/3/15,192.86
4/4/15,193.91
4/5/15,188.17
4/6/15,187.67
4/7/15,188.26
4/8/15,188.66
4/9/15,189.48
4/10/15,189.01
4/11/15,187.69
4/12/15,183.3
4/13/15,178.73
4/14/15,178.76
4/15/15,178.38
4/16/15,178.93
4/17/15,182.26
4/18/15,183.59
4/19/15,182.5
4/20/15,182.63
4/21/15,183.32
4/22/15,186.43
4/23/15,189.02
4/24/15,189.92
4/25/15,188.55
4/26/15,189.91
4/27/15,194.68
4/28/15,195.62
4/29/15,195.93
4/30/15,197.58
5/1/15,198.04
5/2/15,197.21
5/3/15,193.42
5/4/15,193.31
5/5/15,196.84
5/6/15,197.04
5/7/15,198.55
5/8/15,199.99
5/9/15,202.81
5/10/15,201.64
5/11/15,206.02
5/12/15,205.39
5/13/15,205.8
5/14/15,209.44
5/15/15,209.24
5/16/15,201.03
5/17/15,192.98
5/18/15,193.19
5/19/15,192.27
5/20/15,187.79
5/21/15,186.12
5/22/15,186.11
5/23/15,182.63
5/24/15,183.84
5/25/15,185.75
5/26/15,185.68
5/27/15,184.68
5/28/15,181.7
5/29/15,183
5/30/15,177.25
5/31/15,178.09
6/1/15,177.94
6/2/15,173.46
6/3/15,170.1
6/4/15,168.71
6/5/15,173.21
6/6/15,173.33
6/7/15,173.03
6/8/15,175.66
6/9/15,175.76
6/10/15,177.47
6/11/15,178.65
6/12/15,177.77
6/13/15,176.88
6/14/15,176.55
6/15/15,177.34
6/16/15,174.52
6/17/15,172.29
6/18/15,179.17
6/19/15,186.16
6/20/15,184.62
6/21/15,187.62
6/22/15,185.5
6/23/15,181.17
6/24/15,179.51
6/25/15,183.91
6/26/15,180.96
6/27/15,180.61
6/28/15,180.51
6/29/15,182.52
6/30/15,185.04
7/1/15,186
7/2/15,187.06
7/3/15,183.62
7/4/15,188.39
7/5/15,192.87
7/6/15,190.37
7/7/15,190.57
7/8/15,189.98
7/9/15,188.96
7/10/15,186.94
7/11/15,191.66
7/12/15,197.29
7/13/15,200.3
7/14/15,203.61
7/15/15,206.71
7/16/15,200.09
7/17/15,209.85
7/18/15,211.15
7/19/15,209.29
7/20/15,207.89
7/21/15,210.91
7/22/15,213.54
7/23/15,216.29
7/24/15,219.57
7/25/15,218.72
7/26/15,219.33
7/27/15,216.78
7/28/15,215.33
7/29/15,215.95
7/30/15,216.85
7/31/15,218.67
8/1/15,214.38
8/2/15,208.02
8/3/15,208.46
8/4/15,211.31
8/5/15,198.57
8/6/15,206.09
8/7/15,211.87
8/8/15,208
8/9/15,209.78
8/10/15,217.7
8/11/15,220.74
8/12/15,221.49
8/13/15,230.53
8/14/15,227
8/15/15,228.85
8/16/15,228.02
8/17/15,226.47
8/18/15,222.41
8/19/15,222.82
8/20/15,223.1
8/21/15,219.61
8/22/15,221.44
8/23/15,222.96
8/24/15,222.78
8/25/15,230.26
8/26/15,227.69
8/27/15,226.4
8/28/15,226.66
8/29/15,226.82
8/30/15,229.79
8/31/15,227.67
9/1/15,231.59
9/2/15,228.26
9/3/15,226.4
9/4/15,226.65
9/5/15,231.28
9/6/15,231.58
9/7/15,233.87
9/8/15,233.56
9/9/15,230.42
9/10/15,233.47
9/11/15,231.45
9/12/15,235.79
9/13/15,231.46
9/14/15,232.43
9/15/15,231.7
9/16/15,231
9/17/15,231.48
9/18/15,230.32
9/19/15,232.35
9/20/15,237.16
9/21/15,238.19
9/22/15,240.69
9/23/15,238.93
9/24/15,239.48
9/25/15,231.82
9/26/15,233.53
9/27/15,250.61
9/28/15,248.42
9/29/15,241.73
9/30/15,247.68
10/1/15,244.28
10/2/15,245.83
10/3/15,248.24
10/4/15,250.5
10/5/15,250.41
10/6/15,249.91
10/7/15,249.72
10/8/15,249.91
10/9/15,246.14
10/10/15,247.1
10/11/15,247.34
10/12/15,246.55
10/13/15,244.86
10/14/15,248.37
10/15/15,248.21
10/16/15,249.49
10/17/15,252.24
10/18/15,250.34
10/19/15,245.8
10/20/15,251.7
10/21/15,251.48
10/22/15,252.85
10/23/15,255.39
10/24/15,262.63
10/25/15,269.63
10/26/15,272.04
10/27/15,270.04
10/28/15,269.77
10/29/15,273.2
10/30/15,273.58
10/31/15,273.65
11/1/15,277.34
11/2/15,281.73
11/3/15,287.39
11/4/15,287.39
11/5/15,290.76
11/6/15,292.39
11/7/15,279.51
11/8/15,283.11
11/9/15,281.47
11/10/15,282.09
11/11/15,282.17
11/12/15,281
11/13/15,280.13
11/14/15,277.74
11/15/15,279.15
11/16/15,278.27
11/17/15,272.39
11/18/15,279.66
11/19/15,279.03
11/20/15,281.4
11/21/15,279.19
11/22/15,282.04
11/23/15,283.68
11/24/15,276.75
11/25/15,277.17
11/26/15,271.75
11/27/15,263.07
11/28/15,262.2
11/29/15,260
11/30/15,260.7
12/1/15,256.41
12/2/15,262.66
12/3/15,270.34
12/4/15,276.75
12/5/15,279.5
12/6/15,280.14
12/7/15,277.45
12/8/15,286.92
12/9/15,291.45
12/10/15,291.31
12/11/15,288.6
12/12/15,287.51
12/13/15,284.19
12/14/15,287.72
12/15/15,285.04
12/16/15,284.75
12/17/15,287.37
12/18/15,291.54
12/19/15,289.4
12/20/15,297.95
12/21/15,297.89
12/22/15,299.43
12/23/15,300.64
12/24/15,300.67
12/25/15,298.56
12/26/15,296.6
12/27/15,289.81
12/28/15,290.53
12/29/15,294.07
12/30/15,293.78
12/31/15,286.62
1/1/16,285.24
1/2/16,284.84
1/3/16,280.05
1/4/16,274.6
1/5/16,281.81
1/6/16,279.47
1/7/16,282.71
1/8/16,286.22
1/9/16,288.99
1/10/16,290.79
1/11/16,289.18
1/12/16,293.45
1/13/16,294.8
1/14/16,285.52
1/15/16,282.28
1/16/16,286
1/17/16,281.77
1/18/16,282.91
1/19/16,280.24
1/20/16,284.18
1/21/16,274.92
1/22/16,270.88
1/23/16,277.34
1/24/16,272.94
1/25/16,259.63
1/26/16,267.69
1/27/16,266.38
1/28/16,267.75
1/29/16,267.75
1/30/16,265.82
1/31/16,255.49
2/1/16,261.77
2/2/16,261.24
2/3/16,256.49
2/4/16,266.23
2/5/16,268.79
2/6/16,266.05
2/7/16,265.3
2/8/16,260.26
2/9/16,263.56
2/10/16,271.47
2/11/16,273.15
2/12/16,274.35
2/13/16,269.09
2/14/16,264.71
2/15/16,266.12
2/16/16,259.62
2/17/16,264.62
2/18/16,252.07
2/19/16,255.22
2/20/16,259.59
2/21/16,262.5
2/22/16,266.36
2/23/16,268.58
2/24/16,273.8
2/25/16,280.18
2/26/16,277.32
2/27/16,276.36
2/28/16,266.02
2/29/16,266.4
3/1/16,258.32
3/2/16,255.21
3/3/16,252
3/4/16,249.68
3/5/16,250.16
3/6/16,249.01
3/7/16,242.19
3/8/16,244.65
3/9/16,239.38
3/10/16,235.39
3/11/16,239.49
3/12/16,234.35
3/13/16,248.91
3/14/16,248.47
3/15/16,249.95
3/16/16,247.99
3/17/16,243.3
3/18/16,239.69
3/19/16,243.6
3/20/16,246.43
3/21/16,242.21
3/22/16,246.59
3/23/16,246.19
3/24/16,248.99
3/25/16,244.17
3/26/16,247.89
3/27/16,246.85
3/28/16,258.94
3/29/16,267.46
3/30/16,263.43
3/31/16,273.16
4/1/16,276.88
4/2/16,284.16
4/3/16,279.79
4/4/16,274.85
4/5/16,277.06
4/6/16,283.73
4/7/16,278.39
4/8/16,281.07
4/9/16,289.29
4/10/16,287.89
4/11/16,288.89
4/12/16,290.16
4/13/16,294.86
4/14/16,287.21
4/15/16,288.8
4/16/16,287.18
4/17/16,281.65
4/18/16,279.23
4/19/16,278.49
4/20/16,253.01
4/21/16,260.71
4/22/16,255.94
4/23/16,252.81
4/24/16,252.51
4/25/16,250.94
4/26/16,250.73
4/27/16,248.57
4/28/16,249.33
4/29/16,248.6
4/30/16,247.94
5/1/16,250.52
5/2/16,246.99
5/3/16,240
5/4/16,245.37
5/5/16,247.25
5/6/16,244.27
5/7/16,243.41
5/8/16,248.76
5/9/16,243.94
5/10/16,245.05
5/11/16,239.25
5/12/16,242.56
5/13/16,245.4
5/14/16,247.58
5/15/16,253.92
5/16/16,258.1
5/17/16,249.45
5/18/16,245.22
5/19/16,253.11
5/20/16,248.94
5/21/16,254.56
5/22/16,247.5
5/23/16,247.83
5/24/16,248.94
5/25/16,255.55
5/26/16,257.61
5/27/16,258.9
5/28/16,255.34
5/29/16,265.25
5/30/16,267.61
5/31/16,266
6/1/16,270.2
6/2/16,283.42
6/3/16,276.45
6/4/16,273.43
6/5/16,268.87
6/6/16,270.58
6/7/16,271.46
6/8/16,274.32
6/9/16,279.75
6/10/16,282.02
6/11/16,277.39
6/12/16,283.15
6/13/16,282.16
6/14/16,278.37
6/15/16,273.88
6/16/16,272.86
6/17/16,276.67
6/18/16,277.84
6/19/16,281.25
6/20/16,284.86
6/21/16,284.97
6/22/16,284.43
6/23/16,285.31
6/24/16,282.61
6/25/16,280.73
6/26/16,277.73
6/27/16,277.28
6/28/16,279.5
6/29/16,276.49
6/30/16,284
7/1/16,285.34
7/2/16,287
7/3/16,287
7/4/16,282.64
7/5/16,280.13
7/6/16,282
7/7/16,281.29
7/8/16,280.65
7/9/16,282
7/10/16,282.35
7/11/16,280.68
7/12/16,281.82
7/13/16,280.33
7/14/16,274.37
7/15/16,277.14
7/16/16,275.87
7/17/16,277.94
7/18/16,278.28
7/19/16,271.1
7/20/16,273.81
7/21/16,280.96
7/22/16,278.26
7/23/16,277.21
7/24/16,280
7/25/16,275.35
7/26/16,277.64
7/27/16,282.11
7/28/16,269.92
7/29/16,246.54
7/30/16,253.01
7/31/16,252.68
8/1/16,257.93
8/2/16,255.4
8/3/16,257.71
8/4/16,262.21
8/5/16,260.67
8/6/16,259.06
8/7/16,252.48
8/8/16,247.55
8/9/16,244.53
8/10/16,245.83
8/11/16,244.75
8/12/16,239.72
8/13/16,242.51
8/14/16,245.74
8/15/16,246.75
8/16/16,247.83
8/17/16,240.01
8/18/16,240.6
8/19/16,236.2
8/20/16,232.89
8/21/16,234.95
8/22/16,232.02
8/23/16,232.43
8/24/16,231.52
8/25/16,231.85
8/26/16,226.15
8/27/16,227.69
8/28/16,222.45
8/29/16,225.85
8/30/16,225.26
8/31/16,226.84
9/1/16,226.87
9/2/16,239.06
9/3/16,244.83
9/4/16,237.35
9/5/16,239.2
9/6/16,243.57
9/7/16,249.09
9/8/16,246.79
9/9/16,245.05
9/10/16,244.79
9/11/16,243.54
9/12/16,245
9/13/16,247.01
9/14/16,247.62
9/15/16,246.26
9/16/16,242.97
9/17/16,241.45
9/18/16,239.46
9/19/16,240.46
9/20/16,244.59
9/21/16,245.77
9/22/16,241.75
9/23/16,243.35
9/24/16,242.13
9/25/16,242.21
9/26/16,253.48
9/27/16,248.19
9/28/16,254.77
9/29/16,257.79
9/30/16,252.2
10/1/16,255.73
10/2/16,255.96
10/3/16,256.45
10/4/16,255.7
10/5/16,257.52
10/6/16,258.94
10/7/16,256
10/8/16,263.6
10/9/16,271.75
10/10/16,269.46
10/11/16,263.18
10/12/16,270.9
10/13/16,271.62
10/14/16,269.26
10/15/16,269.29
10/16/16,276.31
10/17/16,277.82
10/18/16,282.68
10/19/16,280.66
10/20/16,280.69
10/21/16,277.88
10/22/16,279.4
10/23/16,278.66
10/24/16,281.41
10/25/16,284.61
10/26/16,285.74
10/27/16,288.24
10/28/16,284.05
10/29/16,285.76
10/30/16,293
10/31/16,289.14
11/1/16,295.33
11/2/16,294.3
11/3/16,294.05
11/4/16,284.09
11/5/16,286
11/6/16,286.87
11/7/16,286.57
11/8/16,286.37
11/9/16,285.24
11/10/16,293.62
11/11/16,296.65
11/12/16,294.93
11/13/16,292.15
11/14/16,291.75
11/15/16,284.32
11/16/16,292
11/17/16,292
11/18/16,288.27
11/19/16,289.64
11/20/16,292.24
11/21/16,292.31
11/22/16,293.25
11/23/16,293.78
11/24/16,293.4
11/25/16,294.67
11/26/16,293.95
11/27/16,291.85
11/28/16,290.56
11/29/16,288.9
11/30/16,289.09
12/1/16,284
12/2/16,285.12
12/3/16,288.57
12/4/16,287.36
12/5/16,286.47
12/6/16,285.11
12/7/16,285.91
12/8/16,288.02
12/9/16,285.1
12/10/16,282.89
12/11/16,284.18
12/12/16,285.47
12/13/16,282.4
12/14/16,281.75
12/15/16,270.75
12/16/16,273.4
12/17/16,278.01
12/18/16,279.41
12/19/16,275.51
12/20/16,274.85
12/21/16,275.75
12/22/16,281.03
12/23/16,286.03
12/24/16,291.6
12/25/16,295.78
12/26/16,297.1
12/27/16,373.16
12/28/16,371.96
12/29/16,363.01
12/30/16,368.66
12/31/16,366.67
1/1/17,347.86
1/2/17,339.46
1/3/17,347.52
1/4/17,339.47
1/5/17,341.89
1/6/17,333.03
1/7/17,336.41
1/8/17,336.67
1/9/17,343.95
1/10/17,332.66
1/11/17,317.11
1/12/17,316.63
1/13/17,286.32
1/14/17,298.74
1/15/17,290
1/16/17,323.14
1/17/17,299.95
1/18/17,323.87
1/19/17,343.56
1/20/17,321.45
1/21/17,338.51
1/22/17,338.74
1/23/17,346.75
1/24/17,324.07
1/25/17,333.77
1/26/17,333.45
1/27/17,328.23
1/28/17,338.52
1/29/17,333.96
1/30/17,343.83
1/31/17,343.64
2/1/17,355.14
2/2/17,358.26
2/3/17,354.62
2/4/17,360.47
2/5/17,362.97
2/6/17,370.48
2/7/17,365.22
2/8/17,383.75
2/9/17,369.64
2/10/17,367.29
2/11/17,362.03
2/12/17,356.01
2/13/17,362.01
2/14/17,361.93
2/15/17,357.3
2/16/17,359.1
2/17/17,371.46
2/18/17,372.3
2/19/17,367.17
2/20/17,369.11
2/21/17,377.49
2/22/17,377.94
2/23/17,384.96
2/24/17,376.01
2/25/17,376.04
2/26/17,364.5
2/27/17,370.01
2/28/17,377.24
3/1/17,375.24
3/2/17,372.1
3/3/17,360.16
3/4/17,373.97
3/5/17,365.55
3/6/17,385.84
3/7/17,383.58
3/8/17,384.86
3/9/17,390.14
3/10/17,382.78
3/11/17,376.41
3/12/17,375.82
3/13/17,382.22
3/14/17,392.32
3/15/17,382.79
3/16/17,378.15
3/17/17,377.92
3/18/17,374.86
3/19/17,380.67
3/20/17,375.55
3/21/17,378.41
3/22/17,384.63
3/23/17,377.55
3/24/17,375.48
3/25/17,373.7
3/26/17,365.81
3/27/17,369.17
3/28/17,369.44
3/29/17,375.71
3/30/17,374.09
3/31/17,385
4/1/17,381.14
4/2/17,384.14
4/3/17,385.5
4/4/17,398.31
4/5/17,401.38
4/6/17,402.3
4/7/17,413.68
4/8/17,407.52
4/9/17,390.22
4/10/17,391.43
4/11/17,387.81
4/12/17,389.12
4/13/17,381.32
4/14/17,386.91
4/15/17,389.61
4/16/17,385.42
4/17/17,385.15
4/18/17,384.53
4/19/17,386.61
4/20/17,387.03
4/21/17,391.86
4/22/17,393.44
4/23/17,392.55
4/24/17,389.12
4/25/17,385.93
4/26/17,388.65
4/27/17,392.67
4/28/17,399.04
4/29/17,398.99
4/30/17,409.39
5/1/17,411.45
5/2/17,414.23
5/3/17,418.33
5/4/17,419.7
5/5/17,418.99
5/6/17,419.36
5/7/17,418.09
5/8/17,416.32
5/9/17,415.98
5/10/17,408.96
5/11/17,410.15
5/12/17,403.6
5/13/17,397.5
5/14/17,381.81
5/15/17,376.32
5/16/17,382.07
5/17/17,388.97
5/18/17,394.68
